,top100producturl,price,title,description,productinformation,countreview,weightvalue,weightmeasure,longestest,shortest,median
0,https://www.amazon.com/Revlon-One-Step-Dryer-Volumizer-Brush/dp/B01LSUQSB0/ref=zg_bs_beauty_1?_encoding=UTF8&psc=1&refRID=QE6MZJ78V2MGZ1X6WDWA,59.99,"Revlon One-Step Hair Dryer & Volumizer Hot Air Brush, Black",,"Product details
Color: Black Volumizer
Manual [PDF] | Product Warranty: For warranty information about this product, please click here. [PDF]
Product Dimensions: 4.1 x 11.4 x 10.1 inches ; 1.8 pounds
Shipping Weight: 1.8 pounds (View shipping rates and policies)
Domestic Shipping: Currently, item can be shipped only within the U.S. and to APO/FPO addresses. For APO/FPO shipments, please check with the manufacturer regarding warranty and support issues.
International Shipping: This item is not eligible for international shipping. Learn More
ASIN: B01LSUQSB0
UPC: 761318252221
Item model number: RVDR5222
Average Customer Review:
13,230 customer reviews
Amazon Best Sellers Rank: #1 in Beauty & Personal Care (See Top 100 in Beauty & Personal Care)
#1 in Hot-Air Hair Brushes
Product Warranty: For warranty information about this product, please click here. [PDF]
Would you like to tell us about a lower price?",15358.0,1.0,ounce,11.4,4.1,10.1
1,https://www.amazon.com/Revlon-One-Step-Dryer-Volumizer-Brush/dp/B01LSUQSB0/ref=zg_bs_beauty_1?_encoding=UTF8&psc=1&refRID=QE6MZJ78V2MGZ1X6WDWA,21.99,Hard Travel Case for Revlon One-Step Hair Dryer & Volumizer& Styler Carrying Case,,NA,2.0,2.0,2,,,
2,https://www.amazon.com/dp/B07SZ846QP/ref=sspa_dk_detail_2?psc=1&pd_rd_i=B07SZ846QP&pd_rd_w=wNgWs&pf_rd_p=45a72588-80f7-4414-9851-786f6c16d42b&pd_rd_wg=2ndGX&pf_rd_r=XBCYN4QNVE5Y8TN54468&pd_rd_r=6df20d76-ab17-42a6-a5da-410c9c1611e0&spLa=ZW5jcnlwdGVkUXVhbGlmaWVyPUEyTjZJTFhGT1ozSEwyJmVuY3J5cHRlZElkPUEwODg2MTQ3S1A3M003MUtDRVk1JmVuY3J5cHRlZEFkSWQ9QTA2MTU3NTgzUUJESVc4UVpDNUdRJndpZGdldE5hbWU9c3BfZGV0YWlsJmFjdGlvbj1jbGlja1JlZGlyZWN0JmRvTm90TG9nQ2xpY2s9dHJ1ZQ==,32.99,"[2019] One-Step Hair Dryer Brush & Volumizer Hot Air Brush, 3-in-1 Hair Dryer Brush Styler for Straightening, Curling, Salon Negative Ion Ceramic Lightweight Blow Dryers Straightener Curl Hair Brush",,NA,976.0,1.0,ounce,2.0,2.0,2.0
3,https://www.amazon.com/dp/B07V8RGGB6/ref=sspa_dk_detail_4?psc=1&pd_rd_i=B07V8RGGB6&pd_rd_w=wNgWs&pf_rd_p=45a72588-80f7-4414-9851-786f6c16d42b&pd_rd_wg=2ndGX&pf_rd_r=XBCYN4QNVE5Y8TN54468&pd_rd_r=6df20d76-ab17-42a6-a5da-410c9c1611e0&spLa=ZW5jcnlwdGVkUXVhbGlmaWVyPUEyTjZJTFhGT1ozSEwyJmVuY3J5cHRlZElkPUEwODg2MTQ3S1A3M003MUtDRVk1JmVuY3J5cHRlZEFkSWQ9QTAyNTM5ODAzTkFLNjVYNzg0VVdDJndpZGdldE5hbWU9c3BfZGV0YWlsJmFjdGlvbj1jbGlja1JlZGlyZWN0JmRvTm90TG9nQ2xpY2s9dHJ1ZQ==,25.99,"Hair Dryer Brush,One Step Hair Dryer & Volumizer,Multi-functional 3-in-1 Hot Air Brush,Dry, Straighten Curl for All Hair Types",,NA,976.0,1.0,ounce,2.0,2.0,2.0
4,https://www.amazon.com/dp/B07XBK8NGJ/ref=sspa_dk_detail_5?psc=1&pd_rd_i=B07XBK8NGJ&pd_rd_w=wNgWs&pf_rd_p=45a72588-80f7-4414-9851-786f6c16d42b&pd_rd_wg=2ndGX&pf_rd_r=XBCYN4QNVE5Y8TN54468&pd_rd_r=6df20d76-ab17-42a6-a5da-410c9c1611e0&spLa=ZW5jcnlwdGVkUXVhbGlmaWVyPUEyTjZJTFhGT1ozSEwyJmVuY3J5cHRlZElkPUEwODg2MTQ3S1A3M003MUtDRVk1JmVuY3J5cHRlZEFkSWQ9QTA2MzYxMDJVN0xDRFJFVktGSlMmd2lkZ2V0TmFtZT1zcF9kZXRhaWwmYWN0aW9uPWNsaWNrUmVkaXJlY3QmZG9Ob3RMb2dDbGljaz10cnVl,26.99,"Hot Air Spin Brush Kit for Styling and Frizz Control, Salon Styling Hair Dryer and Styler, Negative Ionic Hair Care, 1.5"" and 2"" Auto-rotating Brush Attachments, 1000W, Black&Gold",,NA,976.0,1.0,ounce,2.0,2.0,2.0
5,https://www.amazon.com/dp/B07VQNYZ4G/ref=sspa_dk_detail_8?psc=1&pd_rd_i=B07VQNYZ4G&pd_rd_w=wNgWs&pf_rd_p=45a72588-80f7-4414-9851-786f6c16d42b&pd_rd_wg=2ndGX&pf_rd_r=XBCYN4QNVE5Y8TN54468&pd_rd_r=6df20d76-ab17-42a6-a5da-410c9c1611e0&spLa=ZW5jcnlwdGVkUXVhbGlmaWVyPUEyTjZJTFhGT1ozSEwyJmVuY3J5cHRlZElkPUEwODg2MTQ3S1A3M003MUtDRVk1JmVuY3J5cHRlZEFkSWQ9QTAwNTE1NDcySDdQRUpSS1VSOTlJJndpZGdldE5hbWU9c3BfZGV0YWlsJmFjdGlvbj1jbGlja1JlZGlyZWN0JmRvTm90TG9nQ2xpY2s9dHJ1ZQ==,29.99,Hair Dryer Beauty Brush - Hairdryer/Straightener/Styler/Volume/Frizz Control - Hot Air Dryers - Professional Straightening Iron - Drying Attachment - Pro Salon Style Products - Volumizer Blowdryer,,"Product details
Color: Pink
Shipping Weight: 1.5 pounds (View shipping rates and policies)
ASIN: B07VQNYZ4G
UPC: 767501478393
Average Customer Review:
16 customer reviews
Amazon Best Sellers Rank: #41,522 in Beauty & Personal Care (See Top 100 in Beauty & Personal Care)
#192 in Hot-Air Hair Brushes
Product Warranty: For warranty information about this product, please click here
Would you like to tell us about a lower price?",976.0,1.0,ounce,7.0,1.5,4.0
6,https://www.amazon.com/dp/B07TSYRR4V/ref=sspa_dk_detail_9?psc=1&pd_rd_i=B07TSYRR4V&pd_rd_w=wNgWs&pf_rd_p=45a72588-80f7-4414-9851-786f6c16d42b&pd_rd_wg=2ndGX&pf_rd_r=XBCYN4QNVE5Y8TN54468&pd_rd_r=6df20d76-ab17-42a6-a5da-410c9c1611e0&spLa=ZW5jcnlwdGVkUXVhbGlmaWVyPUEyTjZJTFhGT1ozSEwyJmVuY3J5cHRlZElkPUEwODg2MTQ3S1A3M003MUtDRVk1JmVuY3J5cHRlZEFkSWQ9QTA2NzcxOTQyN05UTU1UTVI4RFBEJndpZGdldE5hbWU9c3BfZGV0YWlsJmFjdGlvbj1jbGlja1JlZGlyZWN0JmRvTm90TG9nQ2xpY2s9dHJ1ZQ==,26.99,"Hair Dryer Brush, Hot Air Brush, Dry & Straighten & Curl in One Step Hair Dryer and Volumizer, Smooth Frizz with Ionic Technology",,NA,976.0,1.0,ounce,2.0,2.0,2.0
7,https://www.amazon.com/dp/B07RLN7MVQ/ref=sspa_dk_detail_0?psc=1&pd_rd_i=B07RLN7MVQ&spLa=ZW5jcnlwdGVkUXVhbGlmaWVyPUEyVVNGQ0I5WkUwV05JJmVuY3J5cHRlZElkPUEwOTQ3NzE1MkdJOVRRTkJWNzRHWCZlbmNyeXB0ZWRBZElkPUEwNjgyNzgyMUFOTURMMk1BWE5HSyZ3aWRnZXROYW1lPXNwX2RldGFpbCZhY3Rpb249Y2xpY2tSZWRpcmVjdCZkb05vdExvZ0NsaWNrPXRydWU=,23.95,Alpacasso hot air brush hair dryer 11pcs blow dryer brush one step 3-in-1 Styler Volumizer Multi-function Straightening Curly Fast hair home salon styling,,NA,976.0,1.0,ounce,2.0,2.0,2.0
8,https://www.amazon.com/dp/B07YMRXP37/ref=sspa_dk_detail_2?psc=1&pd_rd_i=B07YMRXP37&spLa=ZW5jcnlwdGVkUXVhbGlmaWVyPUEyVVNGQ0I5WkUwV05JJmVuY3J5cHRlZElkPUEwOTQ3NzE1MkdJOVRRTkJWNzRHWCZlbmNyeXB0ZWRBZElkPUEwNDE3Mzc3Q0tTVUJFUzRMWkc5JndpZGdldE5hbWU9c3BfZGV0YWlsJmFjdGlvbj1jbGlja1JlZGlyZWN0JmRvTm90TG9nQ2xpY2s9dHJ1ZQ==,32.99,"FUNFLOWERS Hot Air Brush, Hair Dryer Brush Styler, One Step Salon Volumizer Brush 4 in 1 Straightener Curl Air Hair Brush with Comb Ceramic Negative Ion Electric Styling Blow Dryer Brush (Black)",,NA,976.0,1.0,ounce,2.0,2.0,2.0
9,https://www.amazon.com/dp/B07Y4T5CKD/ref=sspa_dk_detail_3?psc=1&pd_rd_i=B07Y4T5CKD&spLa=ZW5jcnlwdGVkUXVhbGlmaWVyPUEyVVNGQ0I5WkUwV05JJmVuY3J5cHRlZElkPUEwOTQ3NzE1MkdJOVRRTkJWNzRHWCZlbmNyeXB0ZWRBZElkPUEwMjAwNzE4OFpCVkRNTzFTOVdVJndpZGdldE5hbWU9c3BfZGV0YWlsJmFjdGlvbj1jbGlja1JlZGlyZWN0JmRvTm90TG9nQ2xpY2s9dHJ1ZQ==,25.97,"Hot Air Brush,One-Step Hair Dryer brush 4 in 1 Electric Negative Ion Hair Dryer &Hair Volumizer &Hair Styler for Fast Drying, Straightening, Curling,Styling",,NA,976.0,1.0,ounce,2.0,2.0,2.0
10,https://www.amazon.com/dp/B07X5J7JGS/ref=sspa_dk_detail_6?psc=1&pd_rd_i=B07X5J7JGS&spLa=ZW5jcnlwdGVkUXVhbGlmaWVyPUEyVVNGQ0I5WkUwV05JJmVuY3J5cHRlZElkPUEwOTQ3NzE1MkdJOVRRTkJWNzRHWCZlbmNyeXB0ZWRBZElkPUEwMzk4MDQ5MUJOTFNXUVc3SlVUJndpZGdldE5hbWU9c3BfZGV0YWlsJmFjdGlvbj1jbGlja1JlZGlyZWN0JmRvTm90TG9nQ2xpY2s9dHJ1ZQ==,43.97,"One-Step Hair Dryer and Volumizer, Detachable Hair Dryer Brush, 3 in 1 Hot Air Brush with Negative Ion Curling Dryer Brush, Straightening Brush, Dryer Style",,NA,976.0,1.0,ounce,2.0,2.0,2.0
11,https://www.amazon.com/dp/B07VVN828G/ref=sspa_dk_detail_7?psc=1&pd_rd_i=B07VVN828G&spLa=ZW5jcnlwdGVkUXVhbGlmaWVyPUEyVVNGQ0I5WkUwV05JJmVuY3J5cHRlZElkPUEwOTQ3NzE1MkdJOVRRTkJWNzRHWCZlbmNyeXB0ZWRBZElkPUEwNTM2NTk4VDVQWDc0QkJWM0Y5JndpZGdldE5hbWU9c3BfZGV0YWlsJmFjdGlvbj1jbGlja1JlZGlyZWN0JmRvTm90TG9nQ2xpY2s9dHJ1ZQ==,39.95,"Estilios Hot Air Brush and Professional Volumizer, Salon Styling Straightener with Ionic Hydration, Helps Straighten Dry, Shine, Manageability",,NA,976.0,1.0,ounce,2.0,2.0,2.0
12,https://www.amazon.com/dp/B07L1L3HZT/ref=sspa_dk_detail_2?psc=1&pd_rd_i=B07L1L3HZT&pd_rd_w=MN0CP&pf_rd_p=45a72588-80f7-4414-9851-786f6c16d42b&pd_rd_wg=8CE07&pf_rd_r=EQVPZZFJYAKYSZX3EWS3&pd_rd_r=9288aa57-db69-473c-b600-d92f96af68ba&spLa=ZW5jcnlwdGVkUXVhbGlmaWVyPUExVDVTN0JFSDdTR1RaJmVuY3J5cHRlZElkPUEwODkwMjIwMlI2MUQ2VE9UMkFaRSZlbmNyeXB0ZWRBZElkPUEwMTEyNzA2MUEyVzhORlY5RU9FVyZ3aWRnZXROYW1lPXNwX2RldGFpbCZhY3Rpb249Y2xpY2tSZWRpcmVjdCZkb05vdExvZ0NsaWNrPXRydWU=,29.99,Retainer Brite Cleaning Foam - Cleans Invisalign and Retainers While Whitens Your Teeth,,NA,970.0,1.0,ounce,2.0,2.0,2.0
13,https://www.amazon.com/dp/B07HB1XNW3/ref=sspa_dk_detail_3?psc=1&pd_rd_i=B07HB1XNW3&pd_rd_w=MN0CP&pf_rd_p=45a72588-80f7-4414-9851-786f6c16d42b&pd_rd_wg=8CE07&pf_rd_r=EQVPZZFJYAKYSZX3EWS3&pd_rd_r=9288aa57-db69-473c-b600-d92f96af68ba&spLa=ZW5jcnlwdGVkUXVhbGlmaWVyPUExVDVTN0JFSDdTR1RaJmVuY3J5cHRlZElkPUEwODkwMjIwMlI2MUQ2VE9UMkFaRSZlbmNyeXB0ZWRBZElkPUEwNjUzMTAyMzVSQzk5RUdQQzlQOCZ3aWRnZXROYW1lPXNwX2RldGFpbCZhY3Rpb249Y2xpY2tSZWRpcmVjdCZkb05vdExvZ0NsaWNrPXRydWU=,25.96,"Crest 3D White Diamond Strong Mouthwash, 473 Ml, 4 Count",,"Product details
Flavor: Clean Mint | Size: Pack of 4
Product Dimensions: 2.4 x 5.2 x 8.8 inches ; 1.06 pounds
Shipping Weight: 5.2 pounds (View shipping rates and policies)
Domestic Shipping: Currently, item can be shipped only within the U.S. and to APO/FPO addresses. For APO/FPO shipments, please check with the manufacturer regarding warranty and support issues.
International Shipping: This item can be shipped to select countries outside of the U.S. Learn More
ASIN: B07HB1XNW3
Average Customer Review:
50 customer reviews
Amazon Best Sellers Rank: #26,471 in Beauty & Personal Care (See Top 100 in Beauty & Personal Care)
#132 in Mouthwashes
Manufacturer’s warranty can be requested from customer service. Click here to make a request to customer service.
Would you like to tell us about a lower price?",970.0,1.0,ounce,5.2,2.4,4.000000000000001
14,https://www.amazon.com/dp/B07WH2ST51/ref=sspa_dk_detail_8?psc=1&pd_rd_i=B07WH2ST51&pd_rd_w=MN0CP&pf_rd_p=45a72588-80f7-4414-9851-786f6c16d42b&pd_rd_wg=8CE07&pf_rd_r=EQVPZZFJYAKYSZX3EWS3&pd_rd_r=9288aa57-db69-473c-b600-d92f96af68ba&spLa=ZW5jcnlwdGVkUXVhbGlmaWVyPUExVDVTN0JFSDdTR1RaJmVuY3J5cHRlZElkPUEwODkwMjIwMlI2MUQ2VE9UMkFaRSZlbmNyeXB0ZWRBZElkPUEwMTI3Mzk4VENYTVA2RzBWVjVCJndpZGdldE5hbWU9c3BfZGV0YWlsJmFjdGlvbj1jbGlja1JlZGlyZWN0JmRvTm90TG9nQ2xpY2s9dHJ1ZQ==,25.99,"Teeth Whitening Kit Professional, Teeth Whitening Strips, Non-Sensitive Stain Remover for White Teeth, Led Accelerator Light,10 of 3 ml Tooth Whiten Gel,15 Min Express Result",,NA,970.0,1.0,ounce,2.0,2.0,2.0
15,https://www.amazon.com/dp/B07H9PXW4R/ref=sspa_dk_detail_10?psc=1&pd_rd_i=B07H9PXW4R&spLa=ZW5jcnlwdGVkUXVhbGlmaWVyPUFJOFBRQVQ3VlQ0N1ImZW5jcnlwdGVkSWQ9QTA1MTcxNDYzRVREQ1ZQV0NOODVQJmVuY3J5cHRlZEFkSWQ9QTAzNjQ5OTBYOUlYVkFORFhGMyZ3aWRnZXROYW1lPXNwX2RldGFpbCZhY3Rpb249Y2xpY2tSZWRpcmVjdCZkb05vdExvZ0NsaWNrPXRydWU=,25.15,"Crest Moisturizing Alcohol Free Mouthwash, Vivid White, Alcohol Free (Pack of 4)",,"Product details
Flavor: Sparkle Mint | Size: Pack of 4
Product Dimensions: 2.4 x 5.2 x 8.8 inches ; 1.09 pounds
Shipping Weight: 5.2 pounds (View shipping rates and policies)
Domestic Shipping: Currently, item can be shipped only within the U.S. and to APO/FPO addresses. For APO/FPO shipments, please check with the manufacturer regarding warranty and support issues.
International Shipping: This item can be shipped to select countries outside of the U.S. Learn More
ASIN: B07H9PXW4R
Average Customer Review:
50 customer reviews
Amazon Best Sellers Rank: #138,770 in Beauty & Personal Care (See Top 100 in Beauty & Personal Care)
#532 in Mouthwashes
Manufacturer’s warranty can be requested from customer service. Click here to make a request to customer service.
Would you like to tell us about a lower price?",970.0,1.0,ounce,5.2,2.4,4.000000000000001
16,https://www.amazon.com/dp/B07XWH6DQD/ref=sspa_dk_detail_3?psc=1&pd_rd_i=B07XWH6DQD&spLa=ZW5jcnlwdGVkUXVhbGlmaWVyPUEzSTdPVUgzTEZKRjNPJmVuY3J5cHRlZElkPUEwODA0MDMzMlNDVUc5Rjk5OUtWSyZlbmNyeXB0ZWRBZElkPUEwMDAxNjUxMkExRE4yWVpMTVo2VyZ3aWRnZXROYW1lPXNwX2RldGFpbCZhY3Rpb249Y2xpY2tSZWRpcmVjdCZkb05vdExvZ0NsaWNrPXRydWU=,26.99,"Bath Bombs for Kids with Surprise SQUISHY Toys and NECKLACES Inside, Kids Bath Bombs for Girls/Boys/Women/Christmas, 6 XL Lush Bubble Bath Bomb Kit, Gift Set, Handmade with Shea Butter, Kid safe",,NA,6.0,1.0,ounce,2.0,2.0,2.0
17,https://www.amazon.com/dp/B07X6623K6/ref=sspa_dk_detail_7?psc=1&pd_rd_i=B07X6623K6&spLa=ZW5jcnlwdGVkUXVhbGlmaWVyPUEzSTdPVUgzTEZKRjNPJmVuY3J5cHRlZElkPUEwODA0MDMzMlNDVUc5Rjk5OUtWSyZlbmNyeXB0ZWRBZElkPUEwOTQ2NjI5MU0wMTIyWk1NRzFSNiZ3aWRnZXROYW1lPXNwX2RldGFpbCZhY3Rpb249Y2xpY2tSZWRpcmVjdCZkb05vdExvZ0NsaWNrPXRydWU=,27.0,Bath Bombs with Surprise Toys Inside for Kids - Bath Bombs For Kids with TOYS INSIDE - Handmade 6 Gift Set - Kids Bath Bombs with Toys Inside - Kid Fizzies - Natural INGREDIENTS,,NA,6.0,1.0,ounce,2.0,2.0,2.0
18,https://www.amazon.com/dp/B00L4KH742/ref=sspa_dk_detail_8?psc=1&pd_rd_i=B00L4KH742&spLa=ZW5jcnlwdGVkUXVhbGlmaWVyPUExQVRSRzVERERaS01IJmVuY3J5cHRlZElkPUEwODEzMDM5RExPRE1QNFlMMldQJmVuY3J5cHRlZEFkSWQ9QTA3OTEyNjUyR0hUUDBNRzdBQkdFJndpZGdldE5hbWU9c3BfZGV0YWlsJmFjdGlvbj1jbGlja1JlZGlyZWN0JmRvTm90TG9nQ2xpY2s9dHJ1ZQ==,47.99,Beeswax Lip Balm - 120 per Pack,Beeswax Lip Balm - 120 per Pack,NA,32.0,1.0,ounce,2.0,2.0,2.0
19,https://www.amazon.com/dp/B07HZ4WR5F/ref=sspa_dk_detail_8?psc=1&pd_rd_i=B07HZ4WR5F&pd_rd_w=h7kyr&pf_rd_p=45a72588-80f7-4414-9851-786f6c16d42b&pd_rd_wg=X9ALo&pf_rd_r=849MWTB2XNQ6AN8213N8&pd_rd_r=c5a2138b-1ca5-41ed-9699-1fde8d7f53c9&spLa=ZW5jcnlwdGVkUXVhbGlmaWVyPUEyRUQ4TUtDSVoxRVdSJmVuY3J5cHRlZElkPUEwOTMyMDA1MlRPRjhNQ0ZCNTFHTSZlbmNyeXB0ZWRBZElkPUEwMDkxNTI3WDY4WUhJVjM0S1NFJndpZGdldE5hbWU9c3BfZGV0YWlsJmFjdGlvbj1jbGlja1JlZGlyZWN0JmRvTm90TG9nQ2xpY2s9dHJ1ZQ==,24.95,"Top 3 Essential Oil Blends Kit | Sleep 15mL, Muscle 15mL, Defense 15mL | Includes Our Most Popular Full-Strength Blends",,NA,37.0,1.0,ounce,2.0,2.0,2.0
20,https://www.amazon.com/dp/B077BXCTGD/ref=sspa_dk_detail_3?psc=1&pd_rd_i=B077BXCTGD&spLa=ZW5jcnlwdGVkUXVhbGlmaWVyPUExU0JCM1dWWUI2TDFUJmVuY3J5cHRlZElkPUEwMTE3OTM2MkdVSklQOVc5VEdZSiZlbmNyeXB0ZWRBZElkPUEwNDM0OTgzUks2OUdBNzFaNVFUJndpZGdldE5hbWU9c3BfZGV0YWlsJmFjdGlvbj1jbGlja1JlZGlyZWN0JmRvTm90TG9nQ2xpY2s9dHJ1ZQ==,50.0,"Stellar Naturals Organic USDA Aromatherapy Set of Lavender, Eucalyptus, Lemongrass, Peppermint, Tea Tree and Orange for Therapeutic Bliss",,NA,37.0,1.0,ounce,2.0,2.0,2.0
21,https://www.amazon.com/dp/B00ET04BGQ/ref=sspa_dk_detail_9?psc=1&pd_rd_i=B00ET04BGQ&spLa=ZW5jcnlwdGVkUXVhbGlmaWVyPUEyODAwSFY3SEtNTFhCJmVuY3J5cHRlZElkPUEwMzUzNDM3MkhJUElOVVNaQ1YySSZlbmNyeXB0ZWRBZElkPUEwMjA1NDk1MUpWWE05WVBTSk9TUSZ3aWRnZXROYW1lPXNwX2RldGFpbCZhY3Rpb249Y2xpY2tSZWRpcmVjdCZkb05vdExvZ0NsaWNrPXRydWU=,30.4,"Neutrogena Makeup Remover Cleansing Towelettes, Refill Pack, 25 Count (Pack of 6)",,NA,26.0,1.0,ounce,2.0,2.0,2.0
22,https://www.amazon.com/dp/B07RVM193Y/ref=sspa_dk_detail_9?psc=1&pd_rd_i=B07RVM193Y&spLa=ZW5jcnlwdGVkUXVhbGlmaWVyPUEyRTlCMlMyVzVUVUZCJmVuY3J5cHRlZElkPUEwMTUyNDgzM1A0MjdPUDlPMDNNMiZlbmNyeXB0ZWRBZElkPUEwOTkzMzE3NTM5Q09HTkpJVU5NJndpZGdldE5hbWU9c3BfZGV0YWlsJmFjdGlvbj1jbGlja1JlZGlyZWN0JmRvTm90TG9nQ2xpY2s9dHJ1ZQ==,45.99,"Sztrokia Essential Oil Diffuser, 3D Galaxy Aromatherapy Diffuser,200ML Aroma Essential Oil Cool Mist Humidifier with 24 Color Changing,Metal Case Base,Waterless Auto Shut-Off","MAGICAL 3D DESIGN WITH 7 COLOR CHANGING: Exquisite outlook with 7 color changing will highlight your household decoration. It is a new model of the combination of electrical and decorative functions.Truly shows off the high-quality design with its unique 3D effect.
SUFFICIENT DIFFUSION: Ultrasonic vibrations silently create an ultra-fine mist, delivering maximum humidifying. 3 Mist Modes: strong mode runs 7 hours, light mode runs 9 hours and intermittent mode runs 12 hours. It helps you reap the benefits of essential oil thoroughly.
RELAX AND TREAT YOUR BODY: Relax and enjoy the therapeutic benefits of a steady essential oil mist that fills the air. Use with different essential oils to relax, relieve stress, and fight allergy, cold or flu symptoms.
QUIET AND PEACEFUL: The choice of light sleeper.This diffuser works very quietly so that you can be intoxicated in the charming aroma without disruption or noise pollution.
SAFE AND CONVENIENT: Auto Shut-Off and Ultrasonic Technology keeps you from worrying about anything-just relax and enjoy.Perfect to place it in your home, home office, bedroom or kid’s room, or you can also use it for more business-oriented applications such as in a yoga studio,spa,or hotel front desk area.","Product information
Color:Colorfulⅱ
Package Dimensions 8.7 x 6 x 6 inches
Item Weight 1.5 pounds
Shipping Weight 1.5 pounds (View shipping rates and policies)
Manufacturer Sztrokia
ASIN B07RVM193Y
Customer Reviews
6 ratings
3.5 out of 5 stars
Best Sellers Rank #133,049 in Home & Kitchen (See Top 100 in Home & Kitchen)
#858 in Aromatherapy Diffusers
Warranty & Support
Product Warranty: For warranty information about this product, please click here
Feedback
If you are a seller for this product, would you like to suggest updates through seller support?
Would you like to tell us about a lower price?",121.0,1.5,pounds,8.7,6.0,6.0
23,https://www.amazon.com/dp/B07X23SXHD/ref=sspa_dk_detail_9?psc=1&pd_rd_i=B07X23SXHD&pd_rd_w=XmYCK&pf_rd_p=45a72588-80f7-4414-9851-786f6c16d42b&pd_rd_wg=6HuE8&pf_rd_r=YN6AB702S37B7445RSDJ&pd_rd_r=40718627-b715-4092-abbe-065cb0c28f5c&spLa=ZW5jcnlwdGVkUXVhbGlmaWVyPUEyUjdMSDRHVFpCNDk2JmVuY3J5cHRlZElkPUEwMjc3MDQ3MUlQRkYzVkU5MU45NSZlbmNyeXB0ZWRBZElkPUEwMzk1MTEzMjBTV0ZIT0RXVks2TSZ3aWRnZXROYW1lPXNwX2RldGFpbCZhY3Rpb249Y2xpY2tSZWRpcmVjdCZkb05vdExvZ0NsaWNrPXRydWU=,28.99,"Elegant Life Essential Oil Diffuser Aromatherapy Diffuser Ultrasonic Diffuser Bluetooth Speaker Black Wood Grain, 300ml Aroma Defusers, 7 Color LED Night Light, Water Low Auto Shut-Off",,NA,109.0,1.0,ounce,2.0,2.0,2.0
24,https://www.amazon.com/dp/B07HZ4WR5F/ref=sspa_dk_detail_9?psc=1&pd_rd_i=B07HZ4WR5F&spLa=ZW5jcnlwdGVkUXVhbGlmaWVyPUFLQk9GOUJWTjhVQlAmZW5jcnlwdGVkSWQ9QTA2MzI4OTUzNlJKWlo4VlBVTFBDJmVuY3J5cHRlZEFkSWQ9QTAwOTE1MjdYNjhZSElWMzRLU0Umd2lkZ2V0TmFtZT1zcF9kZXRhaWwmYWN0aW9uPWNsaWNrUmVkaXJlY3QmZG9Ob3RMb2dDbGljaz10cnVl,24.95,"Top 3 Essential Oil Blends Kit | Sleep 15mL, Muscle 15mL, Defense 15mL | Includes Our Most Popular Full-Strength Blends",,NA,109.0,1.0,ounce,2.0,2.0,2.0
25,https://www.amazon.com/dp/B07S32BFZZ/ref=sspa_dk_detail_5?psc=1&pd_rd_i=B07S32BFZZ&pd_rd_w=ALB8V&pf_rd_p=45a72588-80f7-4414-9851-786f6c16d42b&pd_rd_wg=fjTpt&pf_rd_r=4WNG6V038YJ8AJTKX6W4&pd_rd_r=b04f0a42-2f72-4678-9289-709ab58c96ad&spLa=ZW5jcnlwdGVkUXVhbGlmaWVyPUFOSkhUU0JUOE5EME4mZW5jcnlwdGVkSWQ9QTA1NDM4MTEySUdBT1VNTU1GNFlDJmVuY3J5cHRlZEFkSWQ9QTA3MTU2NzExN0dNN1ZDRk1ETzFOJndpZGdldE5hbWU9c3BfZGV0YWlsJmFjdGlvbj1jbGlja1JlZGlyZWN0JmRvTm90TG9nQ2xpY2s9dHJ1ZQ==,35.99,"Vekkia Sonic Rechargeable Kids Electric Toothbrush, 3 Modes With Memory, Fun & Easy Cleaning, 31000 Strokes, IPX7 Waterproof, 2-Min Timer for Age 3+, 4 Soft Bristles",,NA,94.0,1.0,ounce,2.0,2.0,2.0
26,https://www.amazon.com/dp/B07CT55BCM/ref=sspa_dk_detail_9?psc=1&pd_rd_i=B07CT55BCM&pd_rd_w=ALB8V&pf_rd_p=45a72588-80f7-4414-9851-786f6c16d42b&pd_rd_wg=fjTpt&pf_rd_r=4WNG6V038YJ8AJTKX6W4&pd_rd_r=b04f0a42-2f72-4678-9289-709ab58c96ad&smid=A1G5DQ8MM8LN8K&spLa=ZW5jcnlwdGVkUXVhbGlmaWVyPUFOSkhUU0JUOE5EME4mZW5jcnlwdGVkSWQ9QTA1NDM4MTEySUdBT1VNTU1GNFlDJmVuY3J5cHRlZEFkSWQ9QTAyMjcwMTYxS0REM1I0NDNHTFQmd2lkZ2V0TmFtZT1zcF9kZXRhaWwmYWN0aW9uPWNsaWNrUmVkaXJlY3QmZG9Ob3RMb2dDbGljaz10cnVl,39.95,"Oral-B Pulsar Vibrating Bristles Toothbrush, Medium, 4 Pack","Medium
Vibrating Bristles Polish Away Stains
Removes 90% of Hard to Reach Plaque and Whitens",NA,94.0,1.0,ounce,2.0,2.0,2.0
27,https://www.amazon.com/dp/B07TZ7PN6H/ref=sspa_dk_detail_6?psc=1&pd_rd_i=B07TZ7PN6H&spLa=ZW5jcnlwdGVkUXVhbGlmaWVyPUFNSUUyMzMxUjBJVjEmZW5jcnlwdGVkSWQ9QTA2MTkwOTkyTDA4VFBEN0paOUhIJmVuY3J5cHRlZEFkSWQ9QTAyOTQ3MTQzSUtGUDgySUNMN1FXJndpZGdldE5hbWU9c3BfZGV0YWlsJmFjdGlvbj1jbGlja1JlZGlyZWN0JmRvTm90TG9nQ2xpY2s9dHJ1ZQ==,25.99,"Aromatherapy Essential Oil Diffuser, JoySusie 300ml Wood Grain Ultrasonic Cool Mist Whisper-Quiet Humidifier with Color LED Lights Changing & 4 Timer Settings, Waterless Auto Shut-Off for Spa Baby",,"Product details
Color: Dark Wood and White
Shipping Weight: 1.2 pounds (View shipping rates and policies)
ASIN: B07TZ7PN6H
UPC: 688209970241
Average Customer Review:
25 customer reviews
Amazon Best Sellers Rank: #57,864 in Beauty & Personal Care (See Top 100 in Beauty & Personal Care)
#805 in Aromatherapy Diffusers
Product Warranty: For warranty information about this product, please click here
Would you like to tell us about a lower price?",619.0,1.0,ounce,7.0,1.2,7.0
28,https://www.amazon.com/dp/B07P8SKKZY/ref=sspa_dk_detail_9?psc=1&pd_rd_i=B07P8SKKZY&spLa=ZW5jcnlwdGVkUXVhbGlmaWVyPUFNSUUyMzMxUjBJVjEmZW5jcnlwdGVkSWQ9QTA2MTkwOTkyTDA4VFBEN0paOUhIJmVuY3J5cHRlZEFkSWQ9QTA4NzkxNjkzNkdGUExIWFAwTThKJndpZGdldE5hbWU9c3BfZGV0YWlsJmFjdGlvbj1jbGlja1JlZGlyZWN0JmRvTm90TG9nQ2xpY2s9dHJ1ZQ==,29.99,"ASAKUKI Premium Essential Oil Diffuser, 400ml Aromatherapy Oil Diffuser with Cool Mist, Waterless Auto Shut-Off Humidifier and 7 Color LED Night Lights for Home Office Baby",,"Product details
Color: White Wood Grain
Product Dimensions: 6.6 x 6.6 x 6 inches
Shipping Weight: 1.6 pounds (View shipping rates and policies)
ASIN: B07P8SKKZY
Average Customer Review:
49 customer reviews
Amazon Best Sellers Rank: #28,967 in Health & Household (See Top 100 in Health & Household)
#486 in Aromatherapy Diffusers
Product Warranty: For warranty information about this product, please click here
Would you like to tell us about a lower price?",619.0,1.0,ounce,6.6,6.0,6.6
29,https://www.amazon.com/dp/B07VBNQ367/ref=sspa_dk_detail_8?psc=1&pd_rd_i=B07VBNQ367&pd_rd_w=CHcw5&pf_rd_p=45a72588-80f7-4414-9851-786f6c16d42b&pd_rd_wg=eXRUR&pf_rd_r=Q7ZPAPC2RZDJEQCG0ZP9&pd_rd_r=2492873a-32c5-4731-a286-9242bb7634de&spLa=ZW5jcnlwdGVkUXVhbGlmaWVyPUEzUDBNMFlLRkpORFpOJmVuY3J5cHRlZElkPUExMDA4MzU3MThBQlJPVDZBT0VXRyZlbmNyeXB0ZWRBZElkPUEwNTkwMzU3MVhGTDNKWEUwQzlXJndpZGdldE5hbWU9c3BfZGV0YWlsJmFjdGlvbj1jbGlja1JlZGlyZWN0JmRvTm90TG9nQ2xpY2s9dHJ1ZQ==,20.0,"BEAUTYBLENDER ORIGINAL Makeup Sponge for Foundations, Powders & Creams","Get a flawless blend with the award-winning BEAUTYBLENDER ORIGINAL Makeup Sponge. An edgeless, reusable, high-definition cosmetic sponge applicator, in classic pink.
The exclusive aqua-activated material provides an airbrushed application and absorbs minimal product, so your favorite formula lands on your complexion, not your sponge.
BEAUTYBLENDER ORIGINAL Makeup Sponge is a ten-time Allure Best of Beauty award winner. The unique shape and exclusive material available only with Beautyblender ensures impeccable, streak-free application with minimum product waste. Use with primers, foundations, powders, and setting sprays, and any other complexion product. Beautyblender doubles in size and becomes even softer, returning to its original size when it air dries.
Beautyblender has chosen to use safe, water-soluble dyes that do not harm the environment and will maintain the integrity of their proprietary foam. For this reason, you may notice some color run off or wash away the first time you wet your Beautyblender makeup sponge. This is normal and will disappear after you have cleansed the product several times. Please note: the color will not transfer onto the face or clothing.
Beautyblender recommends replacing your blender every 3 - 6 months, depending on use. Remember to always wet your Beautyblender makeup sponge before using for optimum complexion finish. Handcrafted in the USA. Cruelty free and vegan.","Product details
Color: Original (new packaging)
Product Dimensions: 1.8 x 1.8 x 2.6 inches
Shipping Weight: 0.8 ounces (View shipping rates and policies)
ASIN: B07VBNQ367
UPC: 815985023346
Item model number: 23346
Average Customer Review:
4 customer reviews
Amazon Best Sellers Rank: #1,552 in Beauty & Personal Care (See Top 100 in Beauty & Personal Care)
#7 in Makeup Blenders & Sponges
Product Warranty: For warranty information about this product, please click here
Would you like to tell us about a lower price?",10.0,1.0,ounce,2.6,1.8,1.8000000000000003
30,https://www.amazon.com/dp/B06W52Q6CP/ref=sspa_dk_detail_2?psc=1&pd_rd_i=B06W52Q6CP&pd_rd_w=UNgPW&pf_rd_p=45a72588-80f7-4414-9851-786f6c16d42b&pd_rd_wg=dRCny&pf_rd_r=EFH498EC1XEA4Z99X9HG&pd_rd_r=d0f38de7-b86d-4daf-8538-a531f5d87875&spLa=ZW5jcnlwdGVkUXVhbGlmaWVyPUEyN1pFUEkwNzMwOFhQJmVuY3J5cHRlZElkPUEwNzY2MTEwMlo2M0FPRVI4OEVETyZlbmNyeXB0ZWRBZElkPUEwMDMyMTI1UEE4WUJXWUE5QzcxJndpZGdldE5hbWU9c3BfZGV0YWlsJmFjdGlvbj1jbGlja1JlZGlyZWN0JmRvTm90TG9nQ2xpY2s9dHJ1ZQ==,55.0,"{Entel} 101 Pcs COMBO PACKAGE, Premium Korean Essence Facial Mask Sheet (10 Types x 10 pcs + 1 Extra Mask), Five Chemical Free : NO Paraben,Silicon,Mineral Oil,Artificial Colors,Ethanol",,NA,26.0,1.0,ounce,2.0,2.0,2.0
31,https://www.amazon.com/dp/B07RG332M3/ref=sspa_dk_detail_4?psc=1&pd_rd_i=B07RG332M3&pd_rd_w=33DcQ&pf_rd_p=45a72588-80f7-4414-9851-786f6c16d42b&pd_rd_wg=st2Zy&pf_rd_r=6D07B1MRKTEPF0MPT2DT&pd_rd_r=75a74981-f06e-4855-9394-1e7bf4ac4925&spLa=ZW5jcnlwdGVkUXVhbGlmaWVyPUExWlNWWjVYUjRHT0lEJmVuY3J5cHRlZElkPUEwNjE5MDkyMTlZWDFURVYwQ1NKUCZlbmNyeXB0ZWRBZElkPUEwNTc2NTQ1MlM2VlRSN1RMMEJMUCZ3aWRnZXROYW1lPXNwX2RldGFpbCZhY3Rpb249Y2xpY2tSZWRpcmVjdCZkb05vdExvZ0NsaWNrPXRydWU=,31.99,"Kuyang 4 IN 1 Electric Razor for Women, USB Rechargeable Electric Shaver for Women, Cordless Electric Epilator with 3 Different Razor Head 1 Facial Cleansing Brush, Wet or Dry Use",,NA,67.0,1.0,ounce,2.0,2.0,2.0
32,https://www.amazon.com/HSI-Professional-Tourmaline-Straightener-Straightens/dp/B001MA0QY2/ref=zg_bs_beauty_20?_encoding=UTF8&psc=1&refRID=WTP1PH4J11T0MSF4RJ2Y,39.95,"HSI Professional Glider | Ceramic Tourmaline Ionic Flat Iron Hair Straightener | Straightens & Curls with Adjustable Temp | Incl Glove, Pouch, & Travel Size Argan Oil Hair Treatment | Packaging Varies",,NA,30366.0,1.0,ounce,2.0,2.0,2.0
33,https://www.amazon.com/dp/B07NPYD6BR/ref=sspa_dk_detail_4?psc=1&pd_rd_i=B07NPYD6BR&pd_rd_w=9CrVj&pf_rd_p=45a72588-80f7-4414-9851-786f6c16d42b&pd_rd_wg=m69Tz&pf_rd_r=VV785376J6GS9NST2719&pd_rd_r=b568c179-eef6-4711-8ce9-c8aefb1e814c&smid=A3APPP4A4B3CQI&spLa=ZW5jcnlwdGVkUXVhbGlmaWVyPUEzNkRVVlVVUE9PRFRQJmVuY3J5cHRlZElkPUEwMzEzOTA2MzE1Q1FWWk1VMDY1RyZlbmNyeXB0ZWRBZElkPUEwMjA3NDY5MUlWRFRHRUtVSVpHRyZ3aWRnZXROYW1lPXNwX2RldGFpbCZhY3Rpb249Y2xpY2tSZWRpcmVjdCZkb05vdExvZ0NsaWNrPXRydWU=,44.95,Cortex International Black Series 1 Inch Titanium Plated Professional Ultra Thin Straightening Iron - Slim Collection Ultra Light Flat Iron Pearlescent Colors (Blush Pink),,"Product details
Color: Blush Pink
Item Weight: 1.45 pounds
Shipping Weight: 1.4 pounds (View shipping rates and policies)
ASIN: B07NPYD6BR
UPC: 819804022398
Average Customer Review:
10 customer reviews
Amazon Best Sellers Rank: #336,888 in Beauty & Personal Care (See Top 100 in Beauty & Personal Care)
#1556 in Hair Straightening Irons
Product Warranty: For warranty information about this product, please click here
Would you like to tell us about a lower price?",55.0,1.0,ounce,7.0,1.4,1.4499999999999993
34,https://www.amazon.com/Oral-B-1000-Rechargeable-Electric-Toothbrush/dp/B003UKM9CO/ref=zg_bs_beauty_21?_encoding=UTF8&psc=1&refRID=S2DVZ8KECJE0NZWABY6F,59.59,"Oral-B Cross Action Electric Toothbrush Replacement Brush Heads Refill, 3 Count","Oral-B CrossAction Replacement Electric Toothbrush Heads, features precise angles that target plaque to remove up to 100% more plaque vs. a regular manual toothbrush.
Features perfectly angled bristles to get deep in between teeth and remove plaque.
Compatible with the entire line-up of Oral-B rechargeable electric toothbrushes, except for Oral-B sonic toothbrushes.
Pack of 3 Replacement Toothbrush heads.","Product details
Size: 3 Count (Pack of 1)
Product Dimensions: 2.4 x 0.7 x 8.7 inches ; 1.12 ounces
Shipping Weight: 1.1 ounces (View shipping rates and policies)
ASIN: B00KBWBWIQ
UPC: 866386000306
Item model number: CrossAction
Average Customer Review:
1,214 customer reviews
Amazon Best Sellers Rank: #270 in Health & Household (See Top 100 in Health & Household)
#5 in Replacement Toothbrush Heads
Manufacturer’s warranty can be requested from customer service. Click here to make a request to customer service.
Would you like to tell us about a lower price?",3.0,1.0,2.4000000000000004,,,
35,https://www.amazon.com/dp/B07MRZ3366/ref=sspa_dk_detail_2?psc=1&pd_rd_i=B07MRZ3366&spLa=ZW5jcnlwdGVkUXVhbGlmaWVyPUExTEwxT0UwNEdaVkVEJmVuY3J5cHRlZElkPUEwNDQwMjc5M1Q1S1JXV05QM1JHJmVuY3J5cHRlZEFkSWQ9QTA4NjYxNTMyRlY4S05YQU5MMU01JndpZGdldE5hbWU9c3BfZGV0YWlsJmFjdGlvbj1jbGlja1JlZGlyZWN0JmRvTm90TG9nQ2xpY2s9dHJ1ZQ==,24.41,Braun Oral-B Crossaction 3-in-1 Toothbrush Heads by Oral-B | Packing may be vary (8 Count),,NA,518.0,1.0,ounce,2.0,2.0,2.0
36,https://www.amazon.com/dp/B00IS9XMSM/ref=sspa_dk_detail_4?psc=1&pd_rd_i=B00IS9XMSM&pd_rd_w=CM5m3&pf_rd_p=45a72588-80f7-4414-9851-786f6c16d42b&pd_rd_wg=gGPod&pf_rd_r=180VAYYR4KNPTYC7H780&pd_rd_r=9126a144-4481-4a19-89c3-f8efd6a54fc6&spLa=ZW5jcnlwdGVkUXVhbGlmaWVyPUExOFdTSUM3RjkyNUk2JmVuY3J5cHRlZElkPUEwMzU0OTU5MUtBMThJMjVUVTAxMyZlbmNyeXB0ZWRBZElkPUEwNjc3NTkzMlpRSExOVEYyRVJQRiZ3aWRnZXROYW1lPXNwX2RldGFpbCZhY3Rpb249Y2xpY2tSZWRpcmVjdCZkb05vdExvZ0NsaWNrPXRydWU=,49.95,TRUE Charisma - Two Shot Confidence Boost Pheromones For Men,,NA,151.0,1.0,ounce,2.0,2.0,2.0
37,https://www.amazon.com/Tinkle-Eyebrow-Razor-Pack-6/dp/B014HNOXZS/ref=zg_bs_beauty_30?_encoding=UTF8&psc=1&refRID=Z1CS1GJYZSWFCVHGSAQR,59.59,Tinkle Eyebrow Razor Pack of 6,,"Product details
Size: 6 Pieces
Product Dimensions: 3.1 x 10.6 x 0.3 inches ; 2.08 ounces
Shipping Weight: 2.4 ounces (View shipping rates and policies)
ASIN: B014HNOXZS
UPC: 748616614418 741533875986
Average Customer Review:
3,456 customer reviews
Amazon Best Sellers Rank: #30 in Beauty & Personal Care (See Top 100 in Beauty & Personal Care)
#1 in Women's Disposable Shaving Razors
Would you like to tell us about a lower price?",4355.0,1.0,ounce,10.6,3.1,5.999999999999998
38,https://www.amazon.com/dp/B07GLNWQ6P/ref=sspa_dk_detail_8?psc=1&pd_rd_i=B07GLNWQ6P&pd_rd_w=kqAtP&pf_rd_p=45a72588-80f7-4414-9851-786f6c16d42b&pd_rd_wg=yPIt7&pf_rd_r=PRE6NYWPR4DYY87DTSC5&pd_rd_r=5f42ee60-3e26-458c-82d9-9c172f51b59e&spLa=ZW5jcnlwdGVkUXVhbGlmaWVyPUEzU1NSSFlWWUk2Uk1RJmVuY3J5cHRlZElkPUEwNjk1NjU4MjZWM01ZVERJT0tZOCZlbmNyeXB0ZWRBZElkPUEwNjQwMjUwRzRWNEdSRjEzSDlIJndpZGdldE5hbWU9c3BfZGV0YWlsJmFjdGlvbj1jbGlja1JlZGlyZWN0JmRvTm90TG9nQ2xpY2s9dHJ1ZQ==,23.99,Tiikii Microblading Needles 0.18mm Super Fine Flexible Hair Strokes Eyebrow Disposable Microblade for Semi Permanent Makeup 3D Pen (0.18mm 18 U Shape),,"Product details
Size: 0.18mm 18 U Shape
Product Dimensions: 1.6 x 3.5 x 1.3 inches ; 0.64 ounces
Shipping Weight: 0.8 ounces (View shipping rates and policies)
ASIN: B07GLNWQ6P
UPC: 657631535458
Average Customer Review:
34 customer reviews
Amazon Best Sellers Rank: #105,280 in Beauty & Personal Care (See Top 100 in Beauty & Personal Care)
#94 in Tattoo Needles
Would you like to tell us about a lower price?",36.0,1.0,ounce,18.0,0.18,1.6000000000000014
39,https://www.amazon.com/dp/B01EXEKRZ6/ref=sspa_dk_detail_10?psc=1&pd_rd_i=B01EXEKRZ6&spLa=ZW5jcnlwdGVkUXVhbGlmaWVyPUEyRlgzUkMySjRXNE9JJmVuY3J5cHRlZElkPUEwNjk0OTUwMUNLUEtIUjlUMVM5RyZlbmNyeXB0ZWRBZElkPUEwMDA4NzYwMzJGSEI3VDk1SjZKRCZ3aWRnZXROYW1lPXNwX2RldGFpbCZhY3Rpb249Y2xpY2tSZWRpcmVjdCZkb05vdExvZ0NsaWNrPXRydWU=,48.26,"Arm & Hammer Complete Care Toothpaste, 6 oz (Pack of 12) (Packaging May Vary)",,NA,17.0,1.0,ounce,2.0,2.0,2.0
40,https://www.amazon.com/dp/B01EXEKRZ6/ref=sspa_dk_detail_10?psc=1&pd_rd_i=B01EXEKRZ6&spLa=ZW5jcnlwdGVkUXVhbGlmaWVyPUEzMENWNjNESzk0TFVBJmVuY3J5cHRlZElkPUEwMjEzMzE1MjI3Mk9SMVpTQ1dSRyZlbmNyeXB0ZWRBZElkPUEwMDA4NzYwMzJGSEI3VDk1SjZKRCZ3aWRnZXROYW1lPXNwX2RldGFpbCZhY3Rpb249Y2xpY2tSZWRpcmVjdCZkb05vdExvZ0NsaWNrPXRydWU=,48.26,"Arm & Hammer Complete Care Toothpaste, 6 oz (Pack of 12) (Packaging May Vary)",,NA,17.0,1.0,ounce,2.0,2.0,2.0
41,https://www.amazon.com/dp/B07JC15BDC/ref=sspa_dk_detail_5?psc=1&pd_rd_i=B07JC15BDC&pd_rd_w=6zRE1&pf_rd_p=45a72588-80f7-4414-9851-786f6c16d42b&pd_rd_wg=01z91&pf_rd_r=7YF5QPNFKHGKQ7H7GRBV&pd_rd_r=ad5be2e8-03d8-466e-9634-4baf2d9c4b02&spLa=ZW5jcnlwdGVkUXVhbGlmaWVyPUEzVDA2TkY5OVA4VU81JmVuY3J5cHRlZElkPUEwODgxNzI1UDhLWUdMNVMwQ1dRJmVuY3J5cHRlZEFkSWQ9QTA2NTk3ODUxUVRUUDg1RllWSzZCJndpZGdldE5hbWU9c3BfZGV0YWlsJmFjdGlvbj1jbGlja1JlZGlyZWN0JmRvTm90TG9nQ2xpY2s9dHJ1ZQ==,35.95,Fragrant Jewels Rainbow Quartz & Amethyst Bath Bomb Set with Collectible Rings (Size 5-10),,"Product details
Size: Ring Size 10 | Color: Rainbow Quartz & Amethyst
Product Dimensions: 4 x 4 x 4 inches
Shipping Weight: 1 pounds (View shipping rates and policies)
ASIN: B07JC15BDC
Average Customer Review:
13 customer reviews
Amazon Best Sellers Rank: #251,981 in Beauty & Personal Care (See Top 100 in Beauty & Personal Care)
#1116 in Bath Bombs
Product Warranty: For warranty information about this product, please click here
Would you like to tell us about a lower price?",31.0,1.0,ounce,10.0,4.0,4.0
42,https://www.amazon.com/dp/B07JW15437/ref=sspa_dk_detail_1?psc=1&pd_rd_i=B07JW15437&spLa=ZW5jcnlwdGVkUXVhbGlmaWVyPUExQ0tZUDcyMjI5RE1NJmVuY3J5cHRlZElkPUEwMzM0NTI5Q0pSSlhEV0xFTlBVJmVuY3J5cHRlZEFkSWQ9QTA2NTk5NDEySkQyUEE1NUtLMEpRJndpZGdldE5hbWU9c3BfZGV0YWlsJmFjdGlvbj1jbGlja1JlZGlyZWN0JmRvTm90TG9nQ2xpY2s9dHJ1ZQ==,35.95,Fragrant Jewels Rainbow Quartz & Amethyst Bath Bomb Set with Collectible Rings (Size 5-10),,"Product details
Size: Ring Size 7 | Color: Rainbow Quartz & Amethyst
Product Dimensions: 4 x 4 x 4 inches
Shipping Weight: 1.1 pounds (View shipping rates and policies)
ASIN: B07JW15437
Average Customer Review:
13 customer reviews
Amazon Best Sellers Rank: #70,405 in Beauty & Personal Care (See Top 100 in Beauty & Personal Care)
#472 in Bath Bombs
Product Warranty: For warranty information about this product, please click here
Would you like to tell us about a lower price?",31.0,1.0,ounce,7.0,4.0,4.0
43,https://www.amazon.com/dp/B07XWH6DQD/ref=sspa_dk_detail_2?psc=1&pd_rd_i=B07XWH6DQD&spLa=ZW5jcnlwdGVkUXVhbGlmaWVyPUExQ0tZUDcyMjI5RE1NJmVuY3J5cHRlZElkPUEwMzM0NTI5Q0pSSlhEV0xFTlBVJmVuY3J5cHRlZEFkSWQ9QTAwMDE2NTEyQTFETjJZWkxNWjZXJndpZGdldE5hbWU9c3BfZGV0YWlsJmFjdGlvbj1jbGlja1JlZGlyZWN0JmRvTm90TG9nQ2xpY2s9dHJ1ZQ==,26.99,"Bath Bombs for Kids with Surprise SQUISHY Toys and NECKLACES Inside, Kids Bath Bombs for Girls/Boys/Women/Christmas, 6 XL Lush Bubble Bath Bomb Kit, Gift Set, Handmade with Shea Butter, Kid safe",,NA,31.0,1.0,ounce,2.0,2.0,2.0
44,https://www.amazon.com/dp/B07VT68L8Q/ref=sspa_dk_detail_11?psc=1&pd_rd_i=B07VT68L8Q&spLa=ZW5jcnlwdGVkUXVhbGlmaWVyPUExQ0tZUDcyMjI5RE1NJmVuY3J5cHRlZElkPUEwMzM0NTI5Q0pSSlhEV0xFTlBVJmVuY3J5cHRlZEFkSWQ9QTA3ODIwMjBIUVNJWTU5WlpWUVYmd2lkZ2V0TmFtZT1zcF9kZXRhaWwmYWN0aW9uPWNsaWNrUmVkaXJlY3QmZG9Ob3RMb2dDbGljaz10cnVl,25.95,Handmade Bath Bombs for Kids with SURPRISE TOYS Inside -100% Natural and Organic Ingredients - Perfect 3 Year Old Girl Toys or Even 5 Year Old Boy Gifts - Six Large Bath Bombs In Six Different Colors.,,NA,31.0,1.0,ounce,2.0,2.0,2.0
45,https://www.amazon.com/dp/B07Z3H8WBW/ref=sspa_dk_detail_8?psc=1&pd_rd_i=B07Z3H8WBW&spLa=ZW5jcnlwdGVkUXVhbGlmaWVyPUFQRFE3RjY0RjQwRFImZW5jcnlwdGVkSWQ9QTAxMjg4NDFaRUZQUUFIS0lGNVImZW5jcnlwdGVkQWRJZD1BMDQwOTkzNVlEVkJQQUVaQ1Y1TyZ3aWRnZXROYW1lPXNwX2RldGFpbCZhY3Rpb249Y2xpY2tSZWRpcmVjdCZkb05vdExvZ0NsaWNrPXRydWU=,22.89,"Mudder 112 Pieces Hair Silicone Curler Rollers Blue and Pink Hair Curlers Rollers Silicone Set Including 56 Pieces Large Size and 56 Pieces Small Size, with a Transparent Zipper Bag",,NA,1.0,1.0,ounce,2.0,2.0,2.0
46,https://www.amazon.com/NIVEA-Pamper-Time-Gift-Set/dp/B075MDBK76/ref=zg_bs_beauty_36?_encoding=UTF8&psc=1&refRID=GDX3CCV6TMY4P6PD8BBW,59.59,NIVEA Pamper Time Gift Set - 5 Piece Luxury Collection of Moisturizing Products and Travel Bag Included,,NA,363.0,1.0,ounce,2.0,2.0,2.0
47,https://www.amazon.com/dp/B079ZP8BZQ/ref=sspa_dk_detail_0?psc=1&pd_rd_i=B079ZP8BZQ&pd_rd_w=yhuIl&pf_rd_p=45a72588-80f7-4414-9851-786f6c16d42b&pd_rd_wg=1D58q&pf_rd_r=H8ZR47FRWDJF73SM3YJA&pd_rd_r=733f7dce-71df-43bf-8867-be3d1cf7112e&spLa=ZW5jcnlwdGVkUXVhbGlmaWVyPUEyRzRUVUZTTVI2M1JYJmVuY3J5cHRlZElkPUEwNTMwNDA4MTlCR0Y2T0s2TVdSOCZlbmNyeXB0ZWRBZElkPUEwMzI3ODU4UjRPOFdCWkdLQ1VDJndpZGdldE5hbWU9c3BfZGV0YWlsJmFjdGlvbj1jbGlja1JlZGlyZWN0JmRvTm90TG9nQ2xpY2s9dHJ1ZQ==,25.99,Difeel Luxury Hand Creams 6and6 Piece Collection,,NA,745.0,1.0,ounce,2.0,2.0,2.0
48,https://www.amazon.com/dp/B0754R91VQ/ref=sspa_dk_detail_8?psc=1&pd_rd_i=B0754R91VQ&pd_rd_w=yhuIl&pf_rd_p=45a72588-80f7-4414-9851-786f6c16d42b&pd_rd_wg=1D58q&pf_rd_r=H8ZR47FRWDJF73SM3YJA&pd_rd_r=733f7dce-71df-43bf-8867-be3d1cf7112e&spLa=ZW5jcnlwdGVkUXVhbGlmaWVyPUEyRzRUVUZTTVI2M1JYJmVuY3J5cHRlZElkPUEwNTMwNDA4MTlCR0Y2T0s2TVdSOCZlbmNyeXB0ZWRBZElkPUEwMDU2NTM4MU1TSUJZS1U4UDlZMSZ3aWRnZXROYW1lPXNwX2RldGFpbCZhY3Rpb249Y2xpY2tSZWRpcmVjdCZkb05vdExvZ0NsaWNrPXRydWU=,34.75,"La Chatelaine Luxury Travel Soap & Hand Cream Collection, Set of 4: Plant-Based, Made in France with Organic Shea Butter, featuring Shea and Cherry Almond Soaps and Lotions, 2 Elegant Travel Tins",,NA,745.0,1.0,ounce,2.0,2.0,2.0
49,https://www.amazon.com/Bed-Head-Artist-Beachy-Generation/dp/B07CSZBWGQ/ref=zg_bs_beauty_37?_encoding=UTF8&psc=1&refRID=5AQAVW5JG2Y3XKWWSJRQ,29.99,Bed Head Wave Artist Deep Waver for Beachy Waves Generation II,,NA,1728.0,1.0,ounce,2.0,2.0,2.0
50,https://www.amazon.com/Bed-Head-Artist-Beachy-Generation/dp/B07CSZBWGQ/ref=zg_bs_beauty_37?_encoding=UTF8&psc=1&refRID=5AQAVW5JG2Y3XKWWSJRQ,59.99,"Revlon One-Step Hair Dryer & Volumizer Hot Air Brush, Black",,"Product details
Color: Black Volumizer
Manual [PDF] | Product Warranty: For warranty information about this product, please click here. [PDF]
Product Dimensions: 4.1 x 11.4 x 10.1 inches ; 1.8 pounds
Shipping Weight: 1.8 pounds (View shipping rates and policies)
Domestic Shipping: Currently, item can be shipped only within the U.S. and to APO/FPO addresses. For APO/FPO shipments, please check with the manufacturer regarding warranty and support issues.
International Shipping: This item can be shipped to select countries outside of the U.S. Learn More
ASIN: B01LSUQSB0
UPC: 761318252221
Item model number: RVDR5222
Average Customer Review:
13,233 customer reviews
Amazon Best Sellers Rank: #1 in Beauty & Personal Care (See Top 100 in Beauty & Personal Care)
#1 in Hot-Air Hair Brushes
Product Warranty: For warranty information about this product, please click here. [PDF]
Would you like to tell us about a lower price?",11.4,4.1,10.1,,,
51,https://www.amazon.com/dp/B07WQXVMTL/ref=sspa_dk_detail_3?psc=1&pd_rd_i=B07WQXVMTL&pd_rd_w=iKQuu&pf_rd_p=45a72588-80f7-4414-9851-786f6c16d42b&pd_rd_wg=BUAPs&pf_rd_r=V2N1S3T175JK5BXT4329&pd_rd_r=b8e19adb-ef63-4428-8700-7cc6e9f19498&spLa=ZW5jcnlwdGVkUXVhbGlmaWVyPUEyTlNaNE1KUTRaTFZKJmVuY3J5cHRlZElkPUEwMjY5MzE3MlVJWU5MUFdON0pRSyZlbmNyeXB0ZWRBZElkPUEwNjY5NTIwVkpGN0pGRlQ1MFZVJndpZGdldE5hbWU9c3BfZGV0YWlsJmFjdGlvbj1jbGlja1JlZGlyZWN0JmRvTm90TG9nQ2xpY2s9dHJ1ZQ==,32.99,"ONSON Professional Hair Straightener, 1'' 2 in 1 Ceramic Tourmaline Ionic Flat Iron for All Hair Styling, with Rotating Adjustable Temperature and Salon High Heat (255°F-450°F)",,NA,430.0,1.0,ounce,2.0,2.0,2.0
52,https://www.amazon.com/dp/B07R2NMRKY/ref=sspa_dk_detail_1?psc=1&pd_rd_i=B07R2NMRKY&spLa=ZW5jcnlwdGVkUXVhbGlmaWVyPUExWUg0RElPVlA3UzNTJmVuY3J5cHRlZElkPUEwNjY5Mzk1QkRNRkJXVlM0RjJUJmVuY3J5cHRlZEFkSWQ9QTA5Nzg4MTMxMElaSERaVVY0MUE4JndpZGdldE5hbWU9c3BfZGV0YWlsJmFjdGlvbj1jbGlja1JlZGlyZWN0JmRvTm90TG9nQ2xpY2s9dHJ1ZQ==,40.99,"3 Barrel Curling Iron Wand 1 inch Hot Tools Curling Iron with Ceramic Tourmaline Triple Barrels Hair waver Curler for Deep waves Adopt LCD Temperature Display, Hair Curlers Adjustable from 80℃ to 210℃",,"Product details
Color: Pink 01
Shipping Weight: 1.6 pounds (View shipping rates and policies)
ASIN: B07R2NMRKY
Average Customer Review:
2 customer reviews
Amazon Best Sellers Rank: #103,516 in Beauty & Personal Care (See Top 100 in Beauty & Personal Care)
#257 in Hair Curling Wands
Product Warranty: For warranty information about this product, please click here
Would you like to tell us about a lower price?",430.0,1.0,ounce,7.0,1.0,1.5999999999999996
53,https://www.amazon.com/dp/B074FTL8YS/ref=sspa_dk_detail_7?psc=1&pd_rd_i=B074FTL8YS&spLa=ZW5jcnlwdGVkUXVhbGlmaWVyPUExWUg0RElPVlA3UzNTJmVuY3J5cHRlZElkPUEwNjY5Mzk1QkRNRkJXVlM0RjJUJmVuY3J5cHRlZEFkSWQ9QTA0MTE2NDFBM0RCUklXSUhaUUkmd2lkZ2V0TmFtZT1zcF9kZXRhaWwmYWN0aW9uPWNsaWNrUmVkaXJlY3QmZG9Ob3RMb2dDbGljaz10cnVl,28.99,"Curling Iron 3 Barrel Jumbo Ceramic Curling Iron Wand Hair Curler Crimper with LCD 176℉-446℉ Temperature Display -Fast Safe Beach Wave Iron(25mm,Black)",,"Product details
Color: Wave Iron - Black
Product Dimensions: 6.6 x 1.3 x 5.5 inches ; 1.39 pounds
Shipping Weight: 1.4 pounds (View shipping rates and policies)
ASIN: B074FTL8YS
Average Customer Review:
46 customer reviews
Amazon Best Sellers Rank: #33,249 in Beauty & Personal Care (See Top 100 in Beauty & Personal Care)
#113 in Hair Curling Wands
#385 in Beauty Gift Sets
Product Warranty: For warranty information about this product, please click here
Would you like to tell us about a lower price?",430.0,1.0,ounce,6.6,1.3,5.499999999999998
54,https://www.amazon.com/dp/B00JH94LFA/ref=sspa_dk_detail_1?psc=1&spLa=ZW5jcnlwdGVkUXVhbGlmaWVyPUFCNjAyMlk1NTdUR0YmZW5jcnlwdGVkSWQ9QTAyMjYxNzgyRUJVQVBNTE5UWDIxJmVuY3J5cHRlZEFkSWQ9QTAzMzA1MDgxUlM1M1JWUk9LOTlSJndpZGdldE5hbWU9c3BfZGV0YWlsMiZhY3Rpb249Y2xpY2tSZWRpcmVjdCZkb05vdExvZ0NsaWNrPXRydWU=,36.0,NA,NA,NA,133.0,1.0,ounce,2.0,2.0,2.0
55,https://www.amazon.com/dp/B07L6VW5Y1/ref=sspa_dk_detail_1?psc=1&smid=A79MVI7WBCROS&spLa=ZW5jcnlwdGVkUXVhbGlmaWVyPUEzVkU0VFI1TDVUVUg3JmVuY3J5cHRlZElkPUEwMzAyOTA0M01GSlkyNlJCWUdDUiZlbmNyeXB0ZWRBZElkPUEwNjUyMjkyMjNNUVdVVFlaUk42QSZ3aWRnZXROYW1lPXNwX2RldGFpbDImYWN0aW9uPWNsaWNrUmVkaXJlY3QmZG9Ob3RMb2dDbGljaz10cnVl,24.99,HOMMEFACE All-In-One Face Toner & Moisturizer for Men,,NA,133.0,1.0,ounce,2.0,2.0,2.0
56,https://www.amazon.com/dp/B07H9ZDP5Z/ref=sspa_dk_detail_0?psc=1&pd_rd_i=B07H9ZDP5Z&spLa=ZW5jcnlwdGVkUXVhbGlmaWVyPUEzMlE5VU00RFJMS0hFJmVuY3J5cHRlZElkPUEwNDYwMDM3M05URUNFSFRIVjBVViZlbmNyeXB0ZWRBZElkPUEwOTY4NjE3MU9YV1Y3WFVKWEtXRSZ3aWRnZXROYW1lPXNwX2RldGFpbCZhY3Rpb249Y2xpY2tSZWRpcmVjdCZkb05vdExvZ0NsaWNrPXRydWU=,29.99,Oral Irrigator Dental Water Flosser 1000ml Capacity with Massage Function Touch Start Pressure Memeory and 6 Nozzles for Teeth Cleaning,,NA,1.0,1.0,ounce,2.0,2.0,2.0
57,https://www.amazon.com/dp/B07SSKX9PL/ref=sspa_dk_detail_9?psc=1&pd_rd_i=B07SSKX9PL&spLa=ZW5jcnlwdGVkUXVhbGlmaWVyPUEyQlM0TkIzSlQwSzlPJmVuY3J5cHRlZElkPUEwMzExOTIxMzY4UzM3RzVTVE9GOCZlbmNyeXB0ZWRBZElkPUExMDEzMjc4M0xCTUc3MDNGUjlMWiZ3aWRnZXROYW1lPXNwX2RldGFpbCZhY3Rpb249Y2xpY2tSZWRpcmVjdCZkb05vdExvZ0NsaWNrPXRydWU=,39.98,"Pack of 100, The Elixir Beauty Korean Cosmetics Beauty Collagen Essence Full Facial Mask Sheets Variety Pack Natural Essence Mask Pack Featuring 25 Different Hydrating Full Face Masks",,"Product details
Color: White
Shipping Weight: 7 pounds (View shipping rates and policies)
ASIN: B07SSKX9PL
UPC: 604248055749
Average Customer Review:
21 customer reviews
Amazon Best Sellers Rank: #55,814 in Beauty & Personal Care (See Top 100 in Beauty & Personal Care)
#745 in Facial Masks
Product Warranty: For warranty information about this product, please click here
Would you like to tell us about a lower price?",23.0,1.0,ounce,9.0,7.0,7.0
58,https://www.amazon.com/GirlZone-Christmas-Birthday-Colorful-Temporary/dp/B06W532RC3/ref=zg_bs_beauty_43?_encoding=UTF8&psc=1&refRID=M525HWFB1GE0CNGMGBB3,59.59,Soft Unicorn Hooded Bathrobe Sleepwear - Unicorn Gifts for Girls,"Please order one size up if you are not sure about the size.
Made with premium polyester.
Lovely unicorn clothes for girls and kids.
Super Cute Unicorn Gifts and Accessories for Girls.
Perfect Unicorn Birthday Party Favors & Christmas Gifts for Girls and Kids.",NA,2.0,2.0,2,,,
59,https://www.amazon.com/NIVEA-Pamper-Time-Gift-Set/dp/B075MDBK76/ref=zg_bs_beauty_44?_encoding=UTF8&psc=1&refRID=Q5EBY6TMCQNYQW1DBY5Y,59.59,NIVEA Pamper Time Gift Set - 5 Piece Luxury Collection of Moisturizing Products and Travel Bag Included,,NA,363.0,1.0,ounce,2.0,2.0,2.0
60,https://www.amazon.com/dp/B079ZP8BZQ/ref=sspa_dk_detail_0?psc=1&pd_rd_i=B079ZP8BZQ&pd_rd_w=wbBkc&pf_rd_p=45a72588-80f7-4414-9851-786f6c16d42b&pd_rd_wg=dxGQb&pf_rd_r=77Y06XD3XQSZ6ZJKYN18&pd_rd_r=b46d9ad1-ec19-495c-8478-a2af5dabc032&spLa=ZW5jcnlwdGVkUXVhbGlmaWVyPUExNjJPN045TkE4RktNJmVuY3J5cHRlZElkPUEwMDc4OTk2MlhGUUNUVVowOElQVCZlbmNyeXB0ZWRBZElkPUEwMzI3ODU4UjRPOFdCWkdLQ1VDJndpZGdldE5hbWU9c3BfZGV0YWlsJmFjdGlvbj1jbGlja1JlZGlyZWN0JmRvTm90TG9nQ2xpY2s9dHJ1ZQ==,25.99,Difeel Luxury Hand Creams 6and6 Piece Collection,,NA,231.0,1.0,ounce,2.0,2.0,2.0
61,https://www.amazon.com/dp/B0754R91VQ/ref=sspa_dk_detail_8?psc=1&pd_rd_i=B0754R91VQ&pd_rd_w=wbBkc&pf_rd_p=45a72588-80f7-4414-9851-786f6c16d42b&pd_rd_wg=dxGQb&pf_rd_r=77Y06XD3XQSZ6ZJKYN18&pd_rd_r=b46d9ad1-ec19-495c-8478-a2af5dabc032&spLa=ZW5jcnlwdGVkUXVhbGlmaWVyPUExNjJPN045TkE4RktNJmVuY3J5cHRlZElkPUEwMDc4OTk2MlhGUUNUVVowOElQVCZlbmNyeXB0ZWRBZElkPUEwMDU2NTM4MU1TSUJZS1U4UDlZMSZ3aWRnZXROYW1lPXNwX2RldGFpbCZhY3Rpb249Y2xpY2tSZWRpcmVjdCZkb05vdExvZ0NsaWNrPXRydWU=,34.75,"La Chatelaine Luxury Travel Soap & Hand Cream Collection, Set of 4: Plant-Based, Made in France with Organic Shea Butter, featuring Shea and Cherry Almond Soaps and Lotions, 2 Elegant Travel Tins",,NA,231.0,1.0,ounce,2.0,2.0,2.0
62,https://www.amazon.com/Philips-Norelco-Multigroom-attachment-MG3750/dp/B01K1HPA60/ref=zg_bs_beauty_47?_encoding=UTF8&psc=1&refRID=KF6BD4CGWTJ0DDEWJ75S,59.59,"Philips Norelco Multigroom All-In-One Series 3000, 13 attachment trimmer, MG3750",,NA,5558.0,1.0,ounce,2.0,2.0,2.0
63,https://www.amazon.com/dp/B07YW4GWMK/ref=sspa_dk_detail_1?psc=1&pd_rd_i=B07YW4GWMK&pd_rd_w=UCteI&pf_rd_p=45a72588-80f7-4414-9851-786f6c16d42b&pd_rd_wg=AuPCu&pf_rd_r=5GZJCT8J9FTPWHDDEGG9&pd_rd_r=e1e99074-8e64-4e03-8eb5-528959edea1d&spLa=ZW5jcnlwdGVkUXVhbGlmaWVyPUExWlVIVFBWSDRFU0FRJmVuY3J5cHRlZElkPUEwOTA4MjAwM0haUkdXMU1SRzdWRCZlbmNyeXB0ZWRBZElkPUEwNDU4Mzc3MkxSOENTOUpYNTJZMCZ3aWRnZXROYW1lPXNwX2RldGFpbCZhY3Rpb249Y2xpY2tSZWRpcmVjdCZkb05vdExvZ0NsaWNrPXRydWU=,28.99,"Cordless Electric Shavers Razor For Men, Rechargeable Nose Hair trimmer for men Wet Dry Electric Shavers Men, Waterproof 3 In 1 Rotary Electric Razor Christmas Gifts for Men,Black",,NA,2031.0,1.0,ounce,2.0,2.0,2.0
64,https://www.amazon.com/dp/B07J5KQDGG/ref=sspa_dk_detail_8?psc=1&pd_rd_i=B07J5KQDGG&pd_rd_w=UCteI&pf_rd_p=45a72588-80f7-4414-9851-786f6c16d42b&pd_rd_wg=AuPCu&pf_rd_r=5GZJCT8J9FTPWHDDEGG9&pd_rd_r=e1e99074-8e64-4e03-8eb5-528959edea1d&spLa=ZW5jcnlwdGVkUXVhbGlmaWVyPUExWlVIVFBWSDRFU0FRJmVuY3J5cHRlZElkPUEwOTA4MjAwM0haUkdXMU1SRzdWRCZlbmNyeXB0ZWRBZElkPUEwNzI3MDgzM1c0VUZBVFNQRTk2USZ3aWRnZXROYW1lPXNwX2RldGFpbCZhY3Rpb249Y2xpY2tSZWRpcmVjdCZkb05vdExvZ0NsaWNrPXRydWU=,25.88,"Beard Trimmer, 【Upgrade Version】MANLI NIKAI Men Beard Trimmer Kit Waterproof 11 in 1 Multifunctional Grooming Set with Hair Clipper Trimmer, Shaver, Precision Trimmer, Nose Trimmer, Body Trimmer",,NA,2031.0,1.0,ounce,2.0,2.0,2.0
65,https://www.amazon.com/dp/B07ZM13QYB/ref=sspa_dk_detail_2?psc=1&pd_rd_i=B07ZM13QYB&spLa=ZW5jcnlwdGVkUXVhbGlmaWVyPUExQlJGN1hNWTc2VjEwJmVuY3J5cHRlZElkPUEwMzQ1NTYwVFRIUkk0ODRSMTlIJmVuY3J5cHRlZEFkSWQ9QTA5NTYyNTMxUUxXQlVGM1FVRjZOJndpZGdldE5hbWU9c3BfZGV0YWlsJmFjdGlvbj1jbGlja1JlZGlyZWN0JmRvTm90TG9nQ2xpY2s9dHJ1ZQ==,34.98,"Beard Trimmer for Men, Nivlan Mens Beard Trimmers Cordless Hair Trimmer Precision Mustache Trimmer Men's Grooming Kit for Nose Ear Hair Trimmer Body Groomer for Men Hair Cutting Kit Waterproof 5 In 1",,NA,2031.0,1.0,ounce,2.0,2.0,2.0
66,https://www.amazon.com/dp/B07YBSNB2G/ref=sspa_dk_detail_3?psc=1&pd_rd_i=B07YBSNB2G&spLa=ZW5jcnlwdGVkUXVhbGlmaWVyPUExQlJGN1hNWTc2VjEwJmVuY3J5cHRlZElkPUEwMzQ1NTYwVFRIUkk0ODRSMTlIJmVuY3J5cHRlZEFkSWQ9QTAwODEzNDFCQTRDU1A3QU01WTcmd2lkZ2V0TmFtZT1zcF9kZXRhaWwmYWN0aW9uPWNsaWNrUmVkaXJlY3QmZG9Ob3RMb2dDbGljaz10cnVl,25.99,"Gaeruo 5-in-1 Beard Trimmer Kit for Men, Multi-functional Groomer for Grooming Face, Body, Nose, Mustache, and Ear Hair",,NA,2031.0,1.0,ounce,2.0,2.0,2.0
67,https://www.amazon.com/Finishing-Touch-Flawless-Painless-Remover/dp/B071KW9GTT/ref=zg_bs_beauty_50?_encoding=UTF8&psc=1&refRID=EF31H5D9V5PE2B17D9G8,59.99,Finishing Touch Flawless Legs Women's Hair Remover,,NA,2.0,2.0,2,,,
68,https://www.amazon.com/dp/B07YVCQFVN/ref=sspa_dk_detail_3?psc=1&pd_rd_i=B07YVCQFVN&spLa=ZW5jcnlwdGVkUXVhbGlmaWVyPUExUzRRVUFDV082RFVMJmVuY3J5cHRlZElkPUEwMTUwNTk5MlRTSVU2SlFXVVJCUCZlbmNyeXB0ZWRBZElkPUEwNDEwMjA2MzJZTzA3RVhNQjNRNSZ3aWRnZXROYW1lPXNwX2RldGFpbCZhY3Rpb249Y2xpY2tSZWRpcmVjdCZkb05vdExvZ0NsaWNrPXRydWU=,24.99,"AUCEE Electric Razor for Women,3 in 1 Multi-Function Wet & Dry Rechargeable Cordless Painless Lady Electric Shaver Body Hair Remover Bikini Trimmer with Facial Cleansing Brush and Facial Massager",,NA,60.0,1.0,ounce,2.0,2.0,2.0
69,https://www.amazon.com/dp/B01N33TKP6/ref=sspa_dk_detail_11?psc=1&pd_rd_i=B01N33TKP6&spLa=ZW5jcnlwdGVkUXVhbGlmaWVyPUEzRU1DTkNHQ0laSzFOJmVuY3J5cHRlZElkPUExMDE1Mzg2M0xPRE9GV0FaRTE0QiZlbmNyeXB0ZWRBZElkPUEwODE4Njc0UU1LTENWVVVPSEpWJndpZGdldE5hbWU9c3BfZGV0YWlsJmFjdGlvbj1jbGlja1JlZGlyZWN0JmRvTm90TG9nQ2xpY2s9dHJ1ZQ==,21.0,"Bodyography Ready, Set, Go Makeup Setting Spray: Professional Salon Multipurpose Setting Spray | Prevents Fading or Caking | Gluten-Free, Cruelty-Free, Paraben-Free",,NA,2.0,1.0,ounce,2.0,2.0,2.0
70,https://www.amazon.com/dp/B07XSN63KL/ref=sspa_dk_detail_8?psc=1&pd_rd_i=B07XSN63KL&pd_rd_w=pqgJt&pf_rd_p=45a72588-80f7-4414-9851-786f6c16d42b&pd_rd_wg=LMUYX&pf_rd_r=XMC8HTM3AC2DPZJSMYXP&pd_rd_r=2fb6c995-f018-4db4-b157-9121fc580b03&spLa=ZW5jcnlwdGVkUXVhbGlmaWVyPUE5RFRLQkVRNDNWSFgmZW5jcnlwdGVkSWQ9QTA2NjY2MjhFT0lGNEJCRkVNOTgmZW5jcnlwdGVkQWRJZD1BMDk5OTA3MDNQRFJTUzROTVpIOE4md2lkZ2V0TmFtZT1zcF9kZXRhaWwmYWN0aW9uPWNsaWNrUmVkaXJlY3QmZG9Ob3RMb2dDbGljaz10cnVl,27.48,"MAJESTIC PURE Apple Cider Vinegar Shampoo and Avocado Coconut Conditioner Set - Restores Shine & Reduces Itchy Scalp, Dandruff & Frizz - Sulfate Free, for All Hair Types, Men and Women - 2 x 16 fl oz",,NA,54.0,1.0,ounce,2.0,2.0,2.0
71,https://www.amazon.com/Philips-Sonicare-Electric-Rechargeable-Toothbrush/dp/B00QZ67ODE/ref=zg_bs_beauty_54?_encoding=UTF8&psc=1&refRID=A53PTK8K4484RAE8SF1H,26.99,"Genuine Philips Sonicare E-Series replacement toothbrush heads, HX7023/30, 3 Count",,"Product details
Size: 3 Count | Style Name: Standard
Specification Sheet [PDF] | Troubleshooting manual [PDF] | User Manual [PDF]
Product Dimensions: 0.8 x 0.5 x 3.3 inches ; 1.28 ounces
Shipping Weight: 3.2 ounces (View shipping rates and policies)
ASIN: B0085RZLQS
UPC: 075020027955
Item model number: HX7023/30
Average Customer Review:
1,478 customer reviews
Amazon Best Sellers Rank: #3,135 in Beauty & Personal Care (See Top 100 in Beauty & Personal Care)
#50 in Replacement Toothbrush Heads
Manufacturer’s warranty can be requested from customer service. Click here to make a request to customer service.
Would you like to tell us about a lower price?",3.0,0.5,0.7999999999999998,,,
72,https://www.amazon.com/dp/B07NVCQLF3/ref=sspa_dk_detail_2?psc=1&pd_rd_i=B07NVCQLF3&pd_rd_w=WFCTb&pf_rd_p=45a72588-80f7-4414-9851-786f6c16d42b&pd_rd_wg=khTpI&pf_rd_r=2EW1B2ZRM9DAC8NR9ZMC&pd_rd_r=65e1afa0-97bd-4749-acc1-40d9e732157a&spLa=ZW5jcnlwdGVkUXVhbGlmaWVyPUExTFVBM1MwV0FJVkFQJmVuY3J5cHRlZElkPUEwODkwNzgzM0w0WklVQVA1T0lKVCZlbmNyeXB0ZWRBZElkPUEwMzM4NjU3MkxaTDI1UTFMVlVSNyZ3aWRnZXROYW1lPXNwX2RldGFpbCZhY3Rpb249Y2xpY2tSZWRpcmVjdCZkb05vdExvZ0NsaWNrPXRydWU=,24.99,"Sonic Rechargeable Electric Toothbrush, Advanced Magnetic Levitation Motor Tech for Comfortable & Easy Cleaning, Perfect Balanced 31000 Strokes/Min, 5 Modes w/Memory, Auto Timer, 4 Replacement Heads",,NA,691.0,1.0,ounce,2.0,2.0,2.0
